{
  "toggle_mod": true,
  "animation_speed": 130,
  "curve_points": [
    [
      0.140625,
      1.0833334
    ],
    [
      0.42708334,
      0.9427083
    ]
  ]
}